{
  "run_config": {
    "epochs": 25,
    "batch_size": 4,
    "lr": 6e-05,
    "seeds": [
      42,
      43,
      44
    ]
  },
  "rgb": {
    "per_class_iou": {
      "background": {
        "mean": 0.9594784780789046,
        "std": 0.0007803760083108218
      },
      "crack": {
        "mean": 0.3034836108551153,
        "std": 0.005281386652070448
      },
      "hollow_area": {
        "mean": 0.5103507957776411,
        "std": 0.017066858557373395
      },
      "peeling": {
        "mean": 0.413009369827485,
        "std": 0.010524971733195687
      },
      "erosion": {
        "mean": 0.6558546516061087,
        "std": 0.011962889532497762
      },
      "stain": {
        "mean": 0.4319053367547209,
        "std": 0.0184878647032981
      }
    },
    "mean_defect_iou": {
      "mean": 0.46292075296421414,
      "std": 0.0076427580887372445
    },
    "final_train_loss_per_seed": {
      "42": 0.1453917920589447,
      "43": 0.16512079536914825,
      "44": 0.10346256196498871
    },
    "device_per_seed": {
      "42": "cuda",
      "43": "cuda",
      "44": "cuda"
    }
  },
  "rgbir": {
    "per_class_iou": {
      "background": {
        "mean": 0.952519229416754,
        "std": 0.0004019085744897662
      },
      "crack": {
        "mean": 0.14114496570918486,
        "std": 0.007670537244791055
      },
      "hollow_area": {
        "mean": 0.27935546190733745,
        "std": 0.09241753975961467
      },
      "peeling": {
        "mean": 0.36101269987163526,
        "std": 0.01898205579696163
      },
      "erosion": {
        "mean": 0.564542740851326,
        "std": 0.010981986550790223
      },
      "stain": {
        "mean": 0.3856212956411052,
        "std": 0.008054068159871359
      }
    },
    "mean_defect_iou": {
      "mean": 0.3463354327961177,
      "std": 0.017141233934847223
    },
    "final_train_loss_per_seed": {
      "42": 0.1485329568386078,
      "43": 0.1889600306749344,
      "44": 0.23682884871959686
    },
    "device_per_seed": {
      "42": "cuda",
      "43": "cuda",
      "44": "cuda"
    }
  },
  "rgbir_hybrid": {
    "per_class_iou": {
      "background": {
        "mean": 0.9596509870913743,
        "std": 0.00045521747050887383
      },
      "crack": {
        "mean": 0.29935255184129445,
        "std": 0.008663903793187301
      },
      "hollow_area": {
        "mean": 0.4980913372190116,
        "std": 0.006746959199593101
      },
      "peeling": {
        "mean": 0.46091115573276836,
        "std": 0.013511437434964876
      },
      "erosion": {
        "mean": 0.6637124243845138,
        "std": 0.0038932943317339934
      },
      "stain": {
        "mean": 0.43573903468489217,
        "std": 0.005004140027941683
      }
    },
    "mean_defect_iou": {
      "mean": 0.471561300772496,
      "std": 0.0036270523052111528
    },
    "final_train_loss_per_seed": {
      "42": 0.03389451652765274,
      "43": 0.10833413898944855,
      "44": 0.11882486194372177
    },
    "device_per_seed": {
      "42": "cuda",
      "43": "cuda",
      "44": "cuda"
    }
  }
}