{
  "model_kind": "vlm_loglik",
  "n_images": 2648,
  "macro_top1": 0.8513605393849372,
  "per_class_top1": {
    "crack": 0.8176795580110497,
    "spalling": 0.7768595041322314,
    "efflorescence": 0.9358974358974359,
    "exposed_rebar": 0.75,
    "corrosion_stain": 0.7692307692307693,
    "mold_algae": 0.946236559139785,
    "water_damage": 0.9102564102564102,
    "peeling_paint": 0.8717948717948718,
    "no_defect": 0.8842897460018815
  },
  "macro_top3": 0.9900290913695345,
  "per_class_top3": {
    "crack": 0.9972375690607734,
    "spalling": 0.9669421487603306,
    "efflorescence": 0.9871794871794872,
    "exposed_rebar": 1.0,
    "corrosion_stain": 0.9743589743589743,
    "mold_algae": 0.989247311827957,
    "water_damage": 1.0,
    "peeling_paint": 1.0,
    "no_defect": 0.9952963311382879
  },
  "confusion_matrix": [
    [
      888,
      18,
      5,
      0,
      1,
      0,
      2,
      3,
      169
    ],
    [
      9,
      94,
      4,
      0,
      0,
      2,
      7,
      4,
      1
    ],
    [
      1,
      2,
      73,
      0,
      0,
      0,
      0,
      0,
      2
    ],
    [
      0,
      1,
      0,
      9,
      2,
      0,
      0,
      0,
      0
    ],
    [
      1,
      0,
      2,
      2,
      30,
      3,
      0,
      0,
      1
    ],
    [
      1,
      0,
      0,
      0,
      0,
      88,
      3,
      1,
      0
    ],
    [
      0,
      2,
      0,
      0,
      0,
      2,
      71,
      2,
      1
    ],
    [
      0,
      4,
      0,
      0,
      0,
      0,
      5,
      68,
      1
    ],
    [
      89,
      6,
      17,
      2,
      3,
      2,
      3,
      1,
      940
    ]
  ],
  "classes": [
    "crack",
    "spalling",
    "efflorescence",
    "exposed_rebar",
    "corrosion_stain",
    "mold_algae",
    "water_damage",
    "peeling_paint",
    "no_defect"
  ],
  "model": "Qwen/Qwen2.5-VL-3B-Instruct",
  "adapter": "/opt/defectlens-phase3/checkpoints/adapter",
  "manifest": "data/manifests/test.csv"
}