{
  "model_kind": "vlm_loglik",
  "n_images": 4824,
  "macro_top1": 0.9030344053155369,
  "per_class_top1": {
    "crack": 0.811088295687885,
    "spalling": 0.8347107438016529,
    "efflorescence": 0.8846153846153846,
    "exposed_rebar": 0.75,
    "corrosion_stain": 0.9395833333333333,
    "mold_algae": 0.978494623655914,
    "water_damage": 0.9337748344370861,
    "peeling_paint": 0.9102564102564102,
    "no_defect": 0.900271985494107,
    "finish_detachment": 0.9413333333333334,
    "bulge_deformation": 0.9743589743589743,
    "insulator_damage": 0.977924944812362
  },
  "macro_top3": 0.9919614207416564,
  "per_class_top3": {
    "crack": 0.9938398357289527,
    "spalling": 0.9834710743801653,
    "efflorescence": 1.0,
    "exposed_rebar": 1.0,
    "corrosion_stain": 0.9916666666666667,
    "mold_algae": 1.0,
    "water_damage": 0.9933774834437086,
    "peeling_paint": 0.9743589743589743,
    "no_defect": 0.9927470534904805,
    "finish_detachment": 1.0,
    "bulge_deformation": 0.9829059829059829,
    "insulator_damage": 0.9911699779249448
  },
  "confusion_matrix": [
    [
      1185,
      30,
      8,
      0,
      0,
      0,
      11,
      2,
      184,
      33,
      7,
      1
    ],
    [
      4,
      101,
      6,
      0,
      0,
      0,
      5,
      2,
      0,
      3,
      0,
      0
    ],
    [
      1,
      3,
      69,
      0,
      0,
      0,
      0,
      0,
      4,
      1,
      0,
      0
    ],
    [
      0,
      0,
      0,
      9,
      3,
      0,
      0,
      0,
      0,
      0,
      0,
      0
    ],
    [
      0,
      2,
      4,
      2,
      451,
      2,
      5,
      0,
      1,
      12,
      0,
      1
    ],
    [
      0,
      0,
      0,
      0,
      0,
      91,
      1,
      1,
      0,
      0,
      0,
      0
    ],
    [
      4,
      3,
      0,
      0,
      2,
      4,
      423,
      5,
      2,
      10,
      0,
      0
    ],
    [
      0,
      3,
      0,
      0,
      0,
      0,
      3,
      71,
      1,
      0,
      0,
      0
    ],
    [
      74,
      11,
      10,
      2,
      2,
      1,
      1,
      1,
      993,
      4,
      0,
      4
    ],
    [
      3,
      0,
      0,
      0,
      0,
      0,
      17,
      0,
      0,
      353,
      2,
      0
    ],
    [
      0,
      0,
      1,
      0,
      0,
      0,
      0,
      0,
      0,
      2,
      114,
      0
    ],
    [
      1,
      0,
      3,
      0,
      5,
      0,
      0,
      0,
      0,
      1,
      0,
      443
    ]
  ],
  "classes": [
    "crack",
    "spalling",
    "efflorescence",
    "exposed_rebar",
    "corrosion_stain",
    "mold_algae",
    "water_damage",
    "peeling_paint",
    "no_defect",
    "finish_detachment",
    "bulge_deformation",
    "insulator_damage"
  ],
  "model": "Qwen/Qwen2.5-VL-3B-Instruct",
  "adapter": "/opt/defectlens-phase3/checkpoints/adapter",
  "manifest": "data/manifests/test.csv"
}