{
  "model_kind": "vlm_loglik",
  "n_images": 2648,
  "macro_top1": 0.8413549014039396,
  "per_class_top1": {
    "crack": 0.7891344383057091,
    "spalling": 0.8347107438016529,
    "efflorescence": 0.8846153846153846,
    "exposed_rebar": 0.75,
    "corrosion_stain": 0.717948717948718,
    "mold_algae": 0.978494623655914,
    "water_damage": 0.8076923076923077,
    "peeling_paint": 0.9102564102564102,
    "no_defect": 0.8993414863593603,
    "finish_detachment": null,
    "bulge_deformation": null,
    "insulator_damage": null
  },
  "macro_top3": 0.982468357124205,
  "per_class_top3": {
    "crack": 0.994475138121547,
    "spalling": 0.9834710743801653,
    "efflorescence": 1.0,
    "exposed_rebar": 1.0,
    "corrosion_stain": 0.9230769230769231,
    "mold_algae": 1.0,
    "water_damage": 0.9743589743589743,
    "peeling_paint": 0.9743589743589743,
    "no_defect": 0.9924741298212606,
    "finish_detachment": null,
    "bulge_deformation": null,
    "insulator_damage": null
  },
  "confusion_matrix": [
    [
      857,
      30,
      8,
      0,
      0,
      0,
      2,
      2,
      182,
      2,
      3,
      0
    ],
    [
      4,
      101,
      6,
      0,
      0,
      0,
      5,
      2,
      0,
      3,
      0,
      0
    ],
    [
      1,
      3,
      69,
      0,
      0,
      0,
      0,
      0,
      4,
      1,
      0,
      0
    ],
    [
      0,
      0,
      0,
      9,
      3,
      0,
      0,
      0,
      0,
      0,
      0,
      0
    ],
    [
      0,
      1,
      2,
      2,
      28,
      2,
      3,
      0,
      1,
      0,
      0,
      0
    ],
    [
      0,
      0,
      0,
      0,
      0,
      91,
      1,
      1,
      0,
      0,
      0,
      0
    ],
    [
      1,
      3,
      0,
      0,
      0,
      4,
      63,
      5,
      2,
      0,
      0,
      0
    ],
    [
      0,
      3,
      0,
      0,
      0,
      0,
      3,
      71,
      1,
      0,
      0,
      0
    ],
    [
      74,
      11,
      10,
      2,
      2,
      1,
      1,
      1,
      956,
      4,
      0,
      1
    ],
    [
      0,
      0,
      0,
      0,
      0,
      0,
      0,
      0,
      0,
      0,
      0,
      0
    ],
    [
      0,
      0,
      0,
      0,
      0,
      0,
      0,
      0,
      0,
      0,
      0,
      0
    ],
    [
      0,
      0,
      0,
      0,
      0,
      0,
      0,
      0,
      0,
      0,
      0,
      0
    ]
  ],
  "classes": [
    "crack",
    "spalling",
    "efflorescence",
    "exposed_rebar",
    "corrosion_stain",
    "mold_algae",
    "water_damage",
    "peeling_paint",
    "no_defect",
    "finish_detachment",
    "bulge_deformation",
    "insulator_damage"
  ],
  "model": "Qwen/Qwen2.5-VL-3B-Instruct",
  "adapter": "/opt/defectlens-phase3/checkpoints/adapter",
  "manifest": "data/manifests/test_v1_frozen.csv"
}